LA_code,LA_name,Age_total,total_rate,Aged_4_years,Aged_5_to_9,Aged_10_to_15,Aged_16_to_19,Aged_20_to_24,Aged_25_to_34,Aged_35_to_49,Aged_50_to_64,Aged_65_to_74,Aged_75_to_84,Aged_85_plus,good_health_rate,bad_health_rate,2km_rate,5km_to_10km_rate,20km_to_30km_rate,40km_to_60km_rate,WFH,not_deprived_rate,deprived_1,deprived_2,deprived_3,deprived_4,no_car_rate,one_car_rate,two_car_rate,three_car_rate
E06000001,Hartlepool,92334,2.71,53.97,60.45,76.76,43.45,55.34,123.24,172.69,216.64,111.89,61.57,24,431.23,60.92,63.8,34.21,19.27,3.93,71.15,421.74,335.58,184.95,55.66,2.08,58.1,79.86,44.45,14.09
E06000002,Middlesbrough,143922,2.54,62.03,68.06,78.26,47.06,70.67,143.42,176.12,186.39,94.98,52.36,20.65,466.97,55.37,55.12,63.24,9.92,4.7,65.86,421.61,338.42,179.49,58.36,2.13,58.08,70.25,36.58,10.42
E06000003,Redcar and Cleveland,136536,2.31,49.91,57.67,69.59,41.13,48.16,112.57,167.03,221.41,125.77,79.25,27.52,425.42,57.98,41.73,67.04,13.96,5.96,73.38,441.16,341.73,167.22,48.17,1.72,50.55,86.26,50.55,16.44
E06000004,Stockton-on-Tees,196594,2.23,54.59,63.22,78.45,41.79,49.28,127.44,189.19,206.9,107.05,60.15,21.93,465.32,47.77,47.89,81.4,10.61,6.14,95.67,483.5,324.59,150.64,39.69,1.58,40.55,74.33,51.3,15.32
E06000005,Darlington,107807,2.26,50.96,58.72,72.99,42.16,50.33,123.8,186.65,209.9,110.74,67.43,26.32,452.19,46.53,74.86,32.67,35.51,6.84,110.96,486.03,334.93,141.96,35.53,1.55,51.57,89.83,50.11,14.38
E06000006,Halton,128475,2.13,54.13,61.44,75.36,43.05,52.19,128.25,193.51,205.57,111.76,55.71,19.03,459.75,58.31,55.13,63.74,18.92,2.56,113.24,432.23,334.8,175.93,55.19,1.84,45.11,80.28,50.28,13.98
E06000007,Warrington,210969,2.44,50.39,58.6,72.34,41.16,49.78,125.32,199.91,212.14,101.64,66.42,22.29,500.61,39.18,47.7,58.22,28.26,2.39,154.75,519.09,320.71,127.68,31.19,1.34,32.09,76.04,58.35,17.69
E06000008,Blackburn with Darwen,154735,2.69,64.99,72.14,90.53,55.44,61.08,133.82,198.44,178.82,83.26,44.81,16.7,477.91,50.58,74.96,40.28,14.46,3.07,80.06,411.57,340.02,182.38,62.82,3.2,38.81,60.74,34.21,10.47
E06000009,Blackpool,141033,2.71,52.2,56.05,66.88,41.28,52.8,128.13,176.23,219.45,110.19,70.63,26.16,403.69,69.32,79.47,48.18,12.09,3.52,85.18,382.3,351.14,197.33,64.57,4.66,71.72,88.99,39.14,11.19
E06000010,Kingston upon Hull,267010,2.29,59.75,64.95,74.3,46.37,72.75,153.69,190.29,185,88.39,46.18,18.33,433.6,52.43,67.14,80.06,10.35,5.51,58.18,411.84,340.99,188.69,55.87,2.61,65.56,79.82,34.07,7.58
E06000011,East Riding of Yorkshire,342217,2.19,42.92,50.75,64.34,38.46,42.19,101.81,168.19,226.89,141.52,89.42,33.5,448.68,41.17,52.34,50.59,30.35,13.42,112.7,510.99,340.2,124.42,23.29,1.1,31.16,83.19,61.47,21.63
E06000012,North East Lincolnshire,156966,1.61,53.87,60.61,73.09,41.43,50.78,125.68,174.5,210.87,112.16,69.33,27.7,430.58,50.4,71.96,55.5,12.72,4.73,61.19,439.68,345.86,166.39,46.14,1.93,53.26,83.52,47.4,13.71
E06000013,North Lincolnshire,169674,1.64,49.77,56.86,71.43,40.63,47.87,119.69,176.5,217.57,119.33,72.5,27.84,428.98,47.17,62.77,49.68,26.54,8.32,78.25,460.98,350.36,152.39,35.06,1.21,34.32,76.16,55.05,20.45
E06000014,York,202821,1.66,42.48,48.82,60.26,65.65,100.35,127.43,179.25,184.78,99.92,64.03,27.03,486.19,33.47,71.16,37.51,11.07,8.81,168.42,538.56,326.59,111.37,22.44,1.03,42.53,81.65,41.94,11.4
E06000015,Derby,261354,2.71,58.23,64.66,76.74,50.79,70.89,140.55,195.68,178.78,85.84,54.56,23.29,458.42,44.16,62.34,46.44,16.84,5.24,104.3,456.07,337.5,157.18,46.45,2.8,42.41,68.77,39.97,12.26
E06000016,Leicester,368569,2.2,60.51,67.31,82.61,63.78,97.98,148.64,202.05,159.09,68.54,34.84,14.64,487.61,40.02,78.86,50.3,14.34,4.93,80.12,387.77,358.23,189.14,59.85,5.02,39.46,49.07,23.41,7.51
E06000017,Rutland,41050,1.58,40.05,48.04,76.39,52.74,45.04,105.24,170.74,208.75,129.87,87.67,35.47,503.43,28.48,66.21,38.54,29.48,9.82,156,579.56,316.52,91.6,11.86,0.49,17.08,65.82,59.93,22.56
E06000018,Nottingham,323627,1.97,55.06,59.49,68.72,87.32,134.83,149.83,176.6,150.84,63.92,37.01,16.38,475.72,45.69,53.51,53.89,11.14,2.35,101.71,415.9,344.27,180.66,56.24,2.94,56.45,61.17,24.39,6.57
E06000019,Herefordshire,187039,1.57,45.07,50.83,63.97,38.45,43.7,107.92,167.28,223.6,136.32,87.85,35.01,457.24,40.85,70.16,41.47,27.48,8.6,120.93,494.31,346.39,129.92,27.58,1.8,28.33,78.3,61.95,27.52
E06000020,Telford and Wrekin,185523,1.3,56.93,63.98,77.81,46.35,59.14,132.2,190.76,196.55,98.69,58.34,19.25,459.64,47.5,52.98,66.4,24.62,7.88,110.12,459.94,338.89,158.53,41.01,1.63,31.85,70.63,50.04,17.56
E06000021,Stoke-on-Trent,258375,2.77,60.47,65.75,76.85,46.8,65.59,140.2,188.5,184.51,93.88,56.81,20.64,426.67,56.3,60.68,83.39,14.34,5.81,66.42,410.94,349.46,182.25,54.96,2.38,49.89,79.38,41.51,11.79
E06000022,Bath and North East Somerset,193406,1.37,46.64,51.94,65.8,65.63,95.91,119.83,172.72,187.54,99.6,65.79,28.6,518.01,31.65,59.26,35.62,12.33,3.1,178.96,540.94,321.7,112.96,22.95,1.44,33.47,69.9,47.19,17.35
E06000023,Bristol,472462,1.2,54.91,56.65,63.61,53.21,100.62,186.8,203.36,152.26,69.57,41.23,17.8,508.1,38.17,65.21,53.5,3.87,3.66,194.78,501.65,317.79,138.3,39.21,3.05,43.05,75.36,35.54,10.58
E06000024,North Somerset,216727,1.54,49.19,56.53,70.37,38.8,45.14,106.7,187.39,206.55,122.16,83.25,33.92,475.7,41.05,57.15,42.02,30.14,3.78,154.42,515.11,334.76,121.02,27.1,2.01,28.52,78.34,61.13,22.73
E06000025,South Gloucestershire,290423,1.34,55.5,58.98,68.22,45.16,62.32,137.33,192.18,193.72,94.91,65.73,25.96,497.19,32.81,48.49,79.02,9,4.38,180.25,539.38,327.16,111.45,20.78,1.23,20.42,66.39,56.46,22.1
E06000026,Plymouth,264693,0.78,49.89,57.14,67.03,49.91,79.99,137.27,184.06,189.71,98.45,62.06,24.49,457.58,49.53,64.86,79.65,3.79,6.65,96.93,454.79,339.55,159.12,44.07,2.46,46.65,81.56,45.89,13.2
E06000027,Torbay,139324,1.07,43.49,52.48,64.03,38.06,44.6,105.8,163.2,221.43,137.99,91.07,37.85,422.34,56.66,79.91,63.28,11.13,3.78,87.24,421.26,358.86,168.51,47.37,4,47.49,88.6,50.06,18.27
E06000030,Swindon,233414,1.36,58.38,64.93,74.88,41,51.53,139.82,214,196.63,87.37,50.79,20.66,480.75,35.07,55.74,65.99,13.83,12.51,154.33,492.91,337.95,134.25,33.04,1.86,32.64,70.31,49.99,15.73
E06000031,Peterborough,215676,1.47,65.67,72.93,84.42,45.61,54.15,151.26,215.1,169.03,77.63,45.4,18.81,461.57,39.79,61.85,61.89,24.79,8.29,114.74,450.5,349.14,154.99,42.33,3.04,34.8,66.79,40.14,11.89
E06000032,Luton,225259,2.26,70.85,74.27,88.23,53.02,69.18,152.58,214.28,160.55,62.84,38.2,15.99,486.79,36.23,61.48,38.56,24.55,15.97,94.11,413.1,364.37,171.27,47.27,3.99,30.68,52.78,28.91,10.44
E06000033,Southend-on-Sea,180685,3.36,56.68,60.32,72.7,39.85,51.79,128.17,203.01,196.2,99.74,63.98,27.56,467,43.13,67.82,36.02,13.28,18.82,153.99,455.82,345.37,152.9,41.83,4.07,46.19,83.37,44.19,14.28
E06000034,Thurrock,175997,2.54,69.67,71.96,83.59,46.29,54.14,147.14,215.75,175.92,76.89,42.53,16.11,507.68,33.55,43.66,49.91,35.65,5.04,119.78,456.56,349.43,153.73,37.67,2.62,24.59,60.22,41.8,15.64
E06000035,Medway,279771,2.61,61.86,65.54,76.39,46.02,56.96,138.36,198.72,191.53,92.7,53.47,18.44,474.83,39.93,47.66,45.28,20.89,19.48,123.19,464.82,344.61,148.24,38.81,3.51,30.54,64.88,45.86,17.43
E06000036,Bracknell Forest,124600,1.26,57.12,63.07,77.82,43.79,51.18,140.58,219.55,195.46,84.7,47.74,19.01,528.32,25.26,46.7,48.72,23.34,6.81,212.78,563.74,311.28,102.13,21.28,1.57,18.68,62.32,61.06,20.57
E06000037,West Berkshire,161447,1.38,51.47,60.09,78.68,43.88,45.56,113.47,199.12,212.55,105.63,64.94,24.61,510.46,26.75,49.08,44.63,21.11,7.87,210.52,559.89,315.91,102.45,20.48,1.28,20.57,65.27,59.89,24.74
E06000038,Reading,174235,1.53,58.76,60.18,69.68,52.19,84.31,173.4,222.27,158.8,63.98,39.82,16.62,511.93,28.8,72.59,33.13,17.47,8.47,200.59,512.45,321.67,128.28,34.72,2.88,42.82,66.86,31.87,9.34
E06000039,Slough,158498,1.97,74.28,80.06,95.29,48.19,56.46,148.32,248.15,152.58,56.4,28.21,12.04,516.98,29.18,58.23,52.03,19.46,3.91,126.03,423.17,365.78,164.1,43.74,3.21,22.19,46.66,29.46,11.08
E06000040,Windsor and Maidenhead,153495,2.04,52.25,60.11,81.92,44.89,44.09,112.64,215.48,204.12,94.58,62.36,27.57,557.63,23.69,42.59,42.17,15.46,6.38,238.22,589.56,298.05,93.94,17.58,0.87,20.01,62.97,53.4,21.19
E06000041,Wokingham,177499,1.5,55.52,68.67,82.48,44.61,46.41,113.39,223.48,193.34,89.37,58.36,24.37,549.6,20.71,30.33,50.32,16.41,7.76,255.51,614.74,291.67,79.71,13.01,0.87,13.7,56.94,59.95,21.25
E06000042,Milton Keynes,287057,1.75,61.78,70.6,84.42,44.37,52.21,142.98,228.53,177.23,81.52,41.44,14.93,510.83,32.19,43.7,73.93,15.7,6.34,181.84,512.51,325.17,127.69,32.3,2.33,26.56,67.36,46.71,14.61
E06000043,Brighton and Hove,277107,1.46,42.41,47.09,61.11,54.16,100.76,149.65,213.24,190.93,76.46,44.19,20.01,501.89,38.82,71.53,28.41,7.62,3.28,214.7,478.76,329.98,143.83,42.79,4.64,71.87,82.01,30.15,7.9
E06000044,Portsmouth,208002,1.71,54.23,58.31,66.23,59.48,96.35,150.6,190.48,176.3,79.56,48.17,20.29,473.58,38.46,79.09,54.55,18.08,3.51,116.9,471.92,334.3,149.61,40.9,3.26,51.99,74.6,35.68,9.31
E06000045,Southampton,248912,1.37,55.42,58.07,65.5,57.38,105.02,164.24,198.24,158.56,74.76,44.46,18.36,476.89,38.31,73.34,57.82,9.08,4.79,121.66,453.62,342.9,154.75,44.71,4.03,46.26,74.75,36.86,11.02
E06000046,Isle of Wight,140460,1.82,39.53,48.86,60.22,35.46,42.43,99.09,155.17,227.2,154.38,99.81,37.85,398.79,52.58,71.52,62.45,5.77,3.41,92,441.05,362.42,155.46,38.05,3.01,44.15,94.45,53.37,20.7
E06000047,County Durham,522062,2.58,47.41,54.32,67.04,49.29,63.31,114.71,175.14,215.52,118.29,70.47,24.5,429.63,57.78,43.53,50.68,33.12,4.17,101.55,444.76,337.39,169.97,46.56,1.31,48.8,85.49,51.65,16.27
E06000049,Cheshire East,398771,2.28,49.98,55.41,68.39,38.39,44.19,115.57,187.68,216.65,117.08,76.42,30.25,498.42,36.39,55.64,45.28,24.56,6.94,170.09,547.86,315.85,112,23.37,0.92,27.89,78.77,63.94,21.66
E06000050,Cheshire West and Chester,357150,2.42,49.32,55.57,68.12,41.31,55.11,122.37,185.21,210.9,113.06,71.79,27.24,488.17,40.6,51.94,51.93,31.23,6.78,148.91,520.48,321.19,126.31,30.43,1.58,31.52,77.08,60.32,19.82
E06000051,Shropshire,323608,1.67,44.57,50.21,63.93,41.64,46.74,107.61,166.64,224.99,132.16,88.06,33.44,466.3,39.54,59.5,36.32,38.27,15,128.32,507.76,340.37,124.37,26.49,1.03,25.7,74.64,59.59,26.11
E06000052,Cornwall,570304,0.88,44.77,53.05,65.04,41,50.16,105.2,170.08,217.95,136.4,84.53,31.81,457.4,47.29,58.92,41.05,23.05,10.8,110.17,461.1,354.77,146.46,34.93,2.75,28.98,81.28,58.6,24.12
E06000053,Isles of Scilly,2058,0,47.13,51.99,58.79,13.61,39.84,104.47,183.67,218.66,134.6,108.84,38.39,512.15,32.07,151.12,4.37,0,6.32,156.46,507.29,357.63,112.73,22.35,0,87.46,80.17,32.07,9.72
E06000054,Wiltshire,510336,1.51,50.22,57.89,70.63,42.33,47.49,116.63,183.39,212.87,115.03,73.83,29.68,495.37,33.3,57.84,43.73,23.04,13.11,168.45,534.15,329.76,112.51,22.54,1.05,23.29,70.04,60.42,23.87
E06000055,Bedford,185228,2.59,60.27,63.39,76.69,43.68,53.97,137.3,208.04,189.17,90.26,54.18,23.06,488.15,34.32,57.79,37.47,28.54,7.08,154.23,516.4,326.85,123.99,29.67,3.09,29.78,65.89,49.97,18.1
E06000056,Central Bedfordshire,294251,1.97,60.51,62.94,71.93,38.98,47.53,133.08,202.71,202.38,98.91,59.61,21.42,503.69,29.96,44.31,41.26,30.85,15.82,177.24,547.74,322.43,107.14,21.59,1.1,18.98,65.02,61.26,23.15
E06000057,Northumberland,320565,2.18,44.41,52.05,64.89,38.33,43.38,102.51,170,230.05,142.12,82.37,29.9,437.63,48.8,49.3,46.33,27.94,10.47,119.88,485.16,339.67,139.6,34.27,1.3,41.42,90.48,59.12,19.04
E06000058,"Bournemouth, Christchurch and Poole",400192,2.17,47.17,53,62.97,45.98,67.29,124.95,190.81,191.88,108.48,73.21,34.26,475.38,40.56,58.05,62.3,4.81,5.03,137.81,483,340.34,139.39,33.88,3.39,36.57,81.71,51.91,18.51
E06000059,Dorset,379578,1.42,39.58,47.85,64.52,39.48,40.31,92.43,154.85,225.2,151.32,101.76,42.71,448.83,39.95,54.5,44.64,22.86,12.79,124.87,499.07,349.93,124.84,24.44,1.72,27.17,81.23,63.27,27.17
E06000060,Buckinghamshire,553081,1.89,55.85,63.56,78.9,43.35,46.37,116.45,204.43,203.57,97.45,63.43,26.64,531.41,26.26,41.28,37.9,28.22,12.89,202.83,571.57,310.04,98.2,19.1,1.1,18.21,59.4,57.24,23.85
E06000061,North Northamptonshire,359525,1.85,56.2,62.47,76.97,42.62,49.47,131.37,199.27,199.83,101.27,59.32,21.21,461.85,38.16,61.03,53.24,30.42,7.15,117.27,488.44,340.17,136.69,33.02,1.67,27.41,69.26,54.96,19.93
E06000062,West Northamptonshire,425726,1.87,56.29,61.96,74.88,44.23,56.74,136.56,204.46,194.17,94.57,55.51,20.64,492,32.63,52.83,56.84,29.23,7.87,147.59,518.32,331.84,121.24,26.99,1.62,26.15,64.09,53.84,20.37
E06000063,Cumbria,273244,2.74,47.02,53.42,65.67,38.7,48.96,116.29,172.43,226.16,126.93,75.67,28.75,450.54,47.73,71.37,45.81,27.8,11.26,105.11,481.46,336.6,142.58,38.07,1.3,42.82,89.84,58.37,19.66
E06000064,Westmorland and Furness,226587,2.48,42.18,47.23,62.49,39.12,45.14,107.64,165.85,233.04,136.69,87.82,32.82,463.38,41.18,87.53,39.94,22.82,7.26,121.04,517.85,333.91,120.85,26.29,1.1,36.69,89.81,59.83,22.44
E06000065,North Yorkshire,615487,1.66,45.07,50.75,65.54,41.05,42.67,105.71,169.58,229.71,133.53,83.87,32.53,476.16,36.39,67.61,37.3,31.51,10.3,142.73,533.18,329.72,113.51,22.38,1.2,31.22,83.52,61.54,22.46
E06000066,Somerset,571550,1.26,47.32,53.42,68.29,40.98,45.44,111.26,169.27,215.76,130.75,83.53,33.99,459.95,40.15,72.06,40.52,25.98,8.01,123.11,499.9,343.94,127.81,27.04,1.32,26.74,78.81,60.03,25.93
E07000008,Cambridge,145676,0.83,43.57,46.01,53.96,70.8,139.41,204.7,189.85,137.65,59.73,37.66,16.67,550.5,25.5,73.61,22.54,7.94,8.09,220.44,565.01,302.41,104.53,26.49,1.57,44.59,60.46,19.46,5.23
E07000009,East Cambridgeshire,87762,1.11,51.49,60.06,74.55,39.08,41.75,115.88,204.99,204.61,110.49,69.24,27.85,483.39,32.58,39.31,52.57,50.44,6.51,177.82,534.07,332.92,110.96,21.24,0.81,21.62,70.19,62.79,25.1
E07000010,Fenland,102457,2.02,50.48,56.2,65.37,38.38,49.92,123.99,176.88,210.39,121.8,77.02,29.56,402.74,49.43,70.57,36.06,44.71,10.25,92.36,416.7,373.63,168.81,38.61,2.24,29.51,76.88,55.41,23.32
E07000011,Huntingdonshire,180832,1.38,53.42,58.67,68.03,38.34,47.03,126.29,198.14,208.01,109.58,68.92,23.56,478.77,33.65,55.1,38.42,36.39,9.74,176.41,535.96,329.33,111.55,22.1,1.07,23.6,72.56,61.98,22.61
E07000012,South Cambridgeshire,162116,1.12,54.11,64.04,77.75,41.46,38.8,113.65,214.8,199.22,102.32,66.7,27.16,522.08,26.6,25.42,58.62,17.61,6.71,222.35,584.11,308.9,90.71,15.75,0.54,18.68,69.68,60.8,21.63
E07000032,Amber Valley,126205,2.42,48.13,53.21,66.23,37.45,47.94,116.83,181.02,223.58,124.03,75.62,25.98,444.29,44.48,52.6,63.87,20.99,3.8,120.64,489,335.71,139.73,34.22,1.33,33.39,79.61,62.52,23.32
E07000033,Bolsover,80277,2.77,51.1,55.96,67.28,37.31,52.02,132.84,180.76,220.77,110.08,69.24,22.65,417.88,60.34,52.53,78.57,28.78,7.35,85.75,427.25,344.86,179.18,47.42,1.31,35.71,78.39,58.02,20.8
E07000034,Chesterfield,103569,2,49.05,54.15,66.42,37.09,51.29,126.13,182.14,217.63,116.6,72.15,27.35,414.88,56.72,62.47,51.66,12.75,5.02,104.01,447.12,342.02,164.05,44.69,2.1,51.5,90.63,55.77,17.43
E07000035,Derbyshire Dales,71536,2.33,36.81,46.19,63.46,38.4,38.78,85.68,161.16,249.71,148.75,95.2,35.87,475.36,35.42,47.18,37.39,34.26,7.21,159.02,529.33,333.41,116.78,19.36,1.12,26.53,79.82,68.19,29.15
E07000036,Erewash,112902,2.56,48.65,56.47,66.52,39.8,50.88,128.78,185.49,215.42,110.62,71.18,26.21,443.33,44.46,58.59,82.51,12.37,3.29,120.52,480.37,338.82,142.33,36.92,1.57,38.56,83.42,58.69,18.1
E07000037,High Peak,90930,2.62,47.61,52.83,67.52,38.11,46.16,111.89,180.25,237.49,122.03,71.91,24.21,476.2,38.88,75.23,45.22,28.67,6.38,142.67,520.5,327.58,123.23,27.55,1.15,33.93,86.96,59.45,20.71
E07000038,North East Derbyshire,102000,2.67,47.44,52.77,63.77,37.24,44.83,111.13,171.98,222.51,130.55,88.48,29.29,435.11,50.65,34.33,78.78,21.39,6.1,113.49,469.98,342.97,150.39,35.23,1.43,32.77,81.82,63.9,24.76
E07000039,South Derbyshire,107203,2.22,53.75,60.12,75.06,40.59,48.52,131.05,195.13,209.83,105.03,59.98,20.96,481.97,35.94,41.79,82.41,23.41,10.86,139.02,542.59,316.17,117.11,23.37,0.77,19.79,69.86,65.16,23.27
E07000040,East Devon,150821,1.2,43.04,51.1,61.27,37.07,41.04,94.91,159.31,212.4,147.52,105.62,46.73,463.95,38.44,50.49,45.05,22.24,4.5,131,507.4,353.67,116.92,20.74,1.27,26.61,82.68,62.39,24.41
E07000041,Exeter,130712,0.87,45.01,47.44,55.79,81.03,125.08,137.63,177.24,164.55,85.52,56.07,24.63,508.74,35.69,90.57,25.05,11.5,5.91,139.89,498.17,331.83,133.68,33.85,2.47,41.05,73.33,36.4,10.88
E07000042,Mid Devon,82848,0.83,48.56,55.34,72.88,41.27,43.37,103.93,174.95,219.64,127.93,80.41,31.72,471.62,37.24,61.97,42.09,39.12,10.3,144.4,491.16,350.8,130.43,26.29,1.32,24.15,73.06,60.13,27.63
E07000043,North Devon,98608,0.56,45.76,53,67.74,39.8,42.97,105.65,165.19,221.76,134.08,88.61,35.44,467.86,44.13,81.17,44.16,14.31,7.16,111.12,479.31,350.11,139.13,29.36,2.08,32.56,79.68,56.61,23.04
E07000044,South Hams,88628,0.51,39.82,50.11,64.19,37.58,37.69,90.41,159.77,237.44,152.32,93.41,37.26,490.8,38.51,44.41,42.9,23.66,5.82,151.77,529.89,335.07,112.65,21.1,1.3,23.07,78.89,66.66,28.37
E07000045,Teignbridge,134805,0.78,43.8,51.12,63.39,36.52,41.45,101.2,166.37,225.85,142.35,91.18,36.76,455.67,42.57,49.4,55.87,24.09,6.4,129.79,494.19,349.54,129.7,24.78,1.79,28.4,81.01,61.86,25.76
E07000046,Torridge,68122,0.65,41.15,51.28,62.52,36.19,40.79,95.53,153.58,235.28,154.11,94.01,35.57,438.21,47.21,52.49,32.69,24.22,6.75,114.15,461.3,359.5,147.44,29.78,1.97,27.45,83.89,61.11,27.42
E07000047,West Devon,57093,0.53,38.46,48.17,66.33,39.51,37.08,88.78,157.66,239.03,150.88,96.77,37.33,455.52,41.69,51.04,39.2,25.76,16.34,139.65,493.04,351.88,127.97,24.98,2.14,22.89,76.49,61.81,27.76
E07000061,Eastbourne,101685,3.11,46.4,54.37,67.49,41.89,51.37,115.46,177.65,200.32,121.14,84.13,39.76,432.28,48.64,81.13,19.76,20.13,4.83,99.57,432.04,359.58,161.94,41.26,5.17,53.36,90.12,44.08,13.62
E07000062,Hastings,91006,2.64,53,56.75,69.28,40.18,49.25,125,187.55,216.6,113.54,63.8,25.04,421.9,55.22,71.16,30.15,17.05,5.65,120.24,420.44,350.38,173.08,51.33,4.77,57.62,84.9,41.43,13.64
E07000063,Lewes,99912,2.66,45.45,53.17,68.36,41.09,41.43,95.18,173.72,216.69,134.07,90.2,40.65,455.73,43.01,44.07,41.41,16.55,5.19,157.27,479.17,350.3,136.81,31.29,2.42,35.93,84.4,51.68,19.19
E07000064,Rother,93111,3.75,40.08,45.42,60.79,36.49,40.3,86.41,142.1,224.16,163.11,112.8,48.34,422.74,46.88,38.66,44.75,16.89,6.57,132.16,457.25,367.56,145.17,28.31,1.71,32.75,86.58,59.17,25.97
E07000065,Wealden,160146,2.34,44.84,52.86,67.78,39.1,41.62,96.12,165.19,227.17,136.71,92.01,36.59,482.17,35.14,35.11,40.88,30.09,8.3,162.62,524.84,342.61,112.9,18.85,0.81,19.23,68.09,63.87,30.55
E07000066,Basildon,187576,2.96,65.02,66.53,75.88,42.58,51.38,139.98,197.83,190.75,91.42,55.99,22.64,484.68,38.54,47.51,43.6,19.37,12.28,145.14,461.7,343.39,152.59,39.43,2.89,31.04,69.53,48,17.16
E07000067,Braintree,155267,2.59,54.44,57.84,72.55,40.54,48.53,122.98,190.74,207.91,112.07,67.6,24.8,472.57,34.98,49.57,35.28,35.3,17.8,141.26,499.91,341.5,129.91,27.2,1.47,24.07,67.46,58.15,25.49
E07000068,Brentwood,77045,2.91,55.55,59.41,69.08,39.78,47.18,128.08,195.42,203.88,100.79,67.08,33.76,539.79,28.74,31.9,33.94,30.97,3.92,217.85,554.55,314.52,107.13,22.14,1.67,24.21,76.01,54.19,21.82
E07000069,Castle Point,89591,4.07,48.14,53.98,67.26,40.67,50.74,109.67,170.44,206.83,130.59,89.99,31.69,456.8,42.49,39.71,60.68,21.53,18.96,130.28,438.31,368.05,157.75,33.83,2.06,26.05,68.18,54.65,25.28
E07000070,Chelmsford,181527,2.28,54.43,59.45,72.23,41.93,50.17,131.35,203.22,193.55,101.57,65.49,26.62,515.69,28.03,48.95,31.01,22.05,16.8,190.18,545.69,322.29,108.35,22.46,1.2,25.66,72.19,53.41,21.26
E07000071,Colchester,192716,1.82,56.2,61.19,71.36,47.34,72.01,135.35,196.66,181.85,94.93,59.67,23.44,491.8,32.59,60.47,40.87,23.46,7.11,146.15,513.63,332.45,123.35,28.75,1.82,31.21,72.32,49.8,17.75
E07000072,Epping Forest,134981,2.84,58.68,56.95,69.94,40.69,50.67,121.76,199.94,206.76,101.7,65.01,27.91,518.03,31.22,27.74,49.38,28.78,2.99,186.48,511.12,331.8,126.58,28.6,1.9,22.88,68.97,49.76,21.74
E07000073,Harlow,93334,2.01,66.97,70.33,79.42,42.74,52.46,151.92,209.75,180.53,79.64,45.42,20.82,477.41,39.2,69.04,37.55,31.37,4.08,103.19,429.31,353.89,167.74,44.09,4.97,35.72,68.62,45.32,14.85
E07000074,Maldon,66208,2.1,45.95,51.63,65.28,40.58,47.25,101.74,166.22,231.39,133.9,85.53,30.54,466.76,37.56,43.62,33.56,32.43,15.18,147.85,496.13,347.24,128.56,27.02,1.04,20.04,62.27,62.47,32.81
E07000075,Rochford,85667,3.13,49.7,53.86,70.95,41.04,48.99,106.73,180.82,214.42,120.16,81.12,32.21,488.71,33.12,29.04,66.81,14.93,18.64,171.12,494.11,348.54,134.4,21.51,1.44,22.32,66.68,56.87,26.42
E07000076,Tendring,148287,3.88,45.12,50.76,61.93,36.83,45.63,99.78,148.5,215.61,151.04,104.3,40.49,394.45,59.96,53.84,33.25,25.49,7.69,89.84,383.36,376.9,189.11,47.01,3.61,41.67,89.6,53.33,22.33
E07000077,Uttlesford,91340,1.41,55.03,62.56,77.5,41.99,42.85,104.61,197.47,216.23,107.34,66.38,28.06,539.99,25.19,33.21,36.91,28.08,20.34,197.19,580.44,307.49,94.87,16.53,0.68,14.32,57.7,62.17,29.53
E07000078,Cheltenham,118833,1.82,49.29,53.67,68.72,45.69,66.45,138.37,195.34,189.91,96.37,65.34,30.86,506.9,31.09,84.26,28.3,13.68,6.4,182.7,561.59,306.93,106.11,23.81,1.55,39.79,89.88,53.28,15.22
E07000079,Cotswold,90834,1.46,44.2,50.83,64.83,38.12,43.64,94.41,174.73,228.7,135.67,89,35.87,504.01,29.7,51.8,32.88,34.41,9.25,189.66,570.12,317.98,94.89,16.4,0.62,21.95,77.66,70.7,29.44
E07000080,Forest of Dean,87006,1.29,45.72,51.17,63.54,48.16,46.19,105.81,161.72,227.01,135.85,84.94,29.89,448.13,42.09,42.8,44.76,39.09,6.87,129.07,480.91,348.25,139.93,29.58,1.32,22.29,68.73,61.2,30.76
E07000081,Gloucester,132409,1.84,56.33,62.92,73.14,46.17,64.09,141.1,194.45,194.77,88.08,56.43,22.52,467.35,39.06,78.71,56.74,9.26,9.15,120.14,489.38,337.43,135.62,34.79,2.78,35.37,73.11,50.09,16.53
E07000082,Stroud,121103,1.43,46.6,54.99,71.07,40.74,41.41,104.13,182.09,225.87,125.13,77.01,30.97,486.31,33.15,46.77,55.53,23.26,5.5,172.93,551.59,322.88,103.57,20.87,1.09,22.2,70.24,65.68,28.94
E07000083,Tewkesbury,94888,1.85,56,60.63,68.12,37.37,43.28,120.64,185.73,205.74,116.12,77.45,28.92,497.81,31.15,44.64,72.72,15.66,7.83,163.69,550.75,324.2,104.49,19.48,1.07,21.41,74.51,66.06,24.08
E07000084,Basingstoke and Deane,185148,1.55,57.01,62.38,71.5,38.2,49.87,138.52,209.61,200.02,94.29,57.75,20.85,501.19,29.27,58.72,37.32,24.92,10.41,205.55,550.37,319.97,107.01,21.53,1.12,24.8,66.08,58.75,21.75
E07000085,East Hampshire,125741,1.56,47.8,55.23,71.26,42.2,42.99,102.97,182.07,224.37,119.55,79.39,32.18,507.61,28.62,42.06,43.18,31.91,9.77,184.04,569.9,315.53,94.96,18.46,1.15,17.03,62.83,65.82,30.1
E07000086,Eastleigh,136446,1.3,55.63,62.51,73.22,39.11,47.01,130.72,198.84,197.76,102.77,65.35,27.07,498.23,29.96,44.18,78.9,10.61,5.17,175.11,551.58,321.3,105.97,20.21,0.95,20.63,69.16,62.73,21.52
E07000087,Fareham,114503,2.31,45.05,54.2,65.59,38.67,45.79,106.83,177.78,220.7,122.81,85.76,36.83,481.95,32.3,42.12,64.72,11.38,4.74,167.73,546.19,330.29,106.11,16.44,0.97,21.86,68.78,64.67,25.13
E07000088,Gosport,81955,1.9,51.75,57.09,71.03,40.45,51.86,122.93,180.18,211.01,114.22,70.76,28.72,433.21,43.77,65.66,72.23,13.47,3.95,108.17,459.97,356.68,147.68,33.63,2.04,39.67,85.08,51.17,16.18
E07000089,Hart,99409,1.51,51.9,63.05,76.98,44.93,44.46,109.8,206.3,205.67,99.68,70.42,26.82,548.79,21.9,36.4,59.2,17.04,11.46,227.13,606.85,297.74,81.67,13.16,0.57,12.68,56.55,65.07,27.3
E07000090,Havant,124207,2.38,49.32,55.54,66.95,39.55,47.85,114.88,166.38,216.21,123.95,83.81,35.55,443.03,43.77,47.55,63.56,12.25,5.02,116.04,455.35,353.54,149.66,37.7,3.75,33.62,73.83,56.62,22.08
E07000091,New Forest,175778,1.72,41.16,49.18,63.48,36.97,40.14,92.18,158.61,224.49,146.18,101.45,46.15,461.24,37.17,49.19,51,25.9,4.37,136.31,514.49,342.88,119.45,21.54,1.64,22.69,75.67,66.33,30.02
E07000092,Rushmoor,99758,2.2,62.11,61.09,66.11,40.44,56.07,164.38,211.94,186.2,82.93,51.24,17.49,495.48,29.72,64.88,58.15,21.93,12.56,153.38,510.92,327.93,128.18,30.83,2.14,25.36,62.69,49.43,17.73
E07000093,Test Valley,130488,1.69,53.19,59.78,68.95,37.99,43.7,119.51,193.77,211.05,110.68,72.7,28.67,503.46,30.33,50.54,41.57,32.02,8.87,182.82,556.79,319.98,101.87,20.4,0.97,20.95,65.66,64.15,25.01
E07000094,Winchester,127448,1.49,47.42,57.55,73.13,59.91,64.08,103.26,185.09,201.02,105.23,71.69,31.64,532.37,27.2,46.14,31.46,22.75,7.4,205.96,583.06,303.68,94.89,17.29,1.08,22.28,63.16,56.4,22.81
E07000095,Broxbourne,99005,2.17,60.05,62.31,75.31,43.55,52.44,132.22,204.42,195.58,89.04,60.06,25.03,501.29,33.88,45.64,58.3,33.3,3.32,143.61,464.9,350.62,145.87,35.21,3.41,26.82,67.63,47.35,20.21
E07000096,Dacorum,155082,2.01,61.76,64.02,76.03,40.08,45.82,128.83,211.9,197.69,92.16,55.84,25.86,519.75,30.85,49.74,37.55,21.91,6.62,194.9,539.28,317.9,114.19,26.39,2.24,24.25,68.18,54,20.76
E07000098,Hertsmere,107822,2.95,58.4,63.51,78.72,43.74,50.49,119.76,212.93,194.96,91.27,58.68,27.53,534.7,29.72,39.57,53.1,23.34,2.39,195.24,518.74,331.45,121.15,26.88,1.78,24.3,66.25,48.64,17.52
E07000099,North Hertfordshire,133211,2.24,56.05,61.84,73.3,38.75,43.82,122.42,209.77,200.11,99.78,65.12,29.03,505.85,30.7,52.11,38.64,24.32,16.73,215.37,550.5,315.48,110.33,22.23,1.46,28.08,77.82,55.52,19.97
E07000102,Three Rivers,93774,2.44,54.6,63.7,81.86,43.94,47.11,109.73,214.57,203.57,94.82,59.23,26.87,536.72,27.58,30.45,52.29,28.1,3.26,209.1,553.29,314.32,108.11,22.09,2.2,19.28,61.5,52.09,21.62
E07000103,Watford,102244,2.32,63.85,66.86,77.45,42.38,52.18,161.54,240.85,168.86,67.4,41.07,17.58,523.84,28.9,76.57,38.61,32.63,3.16,175.06,505.98,330.95,128.47,31.89,2.7,33.67,66.82,37.97,11.76
E07000105,Ashford,132752,2.61,57.31,62.64,75.74,43.77,48.75,126.61,188.24,201.08,104.65,67.11,24.1,484.62,35.77,54.3,28.96,29.58,7.39,144.03,499.86,337.52,132.15,28.52,1.96,23.43,64.98,52.08,22.43
E07000106,Canterbury,157431,2.86,43.34,49.22,64.05,69.08,100.29,108.48,162.35,185.62,113.8,73.93,29.85,470.26,39.53,56.41,45.87,23.21,7.08,127.73,472.94,349.48,142.32,32.8,2.46,34.21,70.03,43.52,16.44
E07000107,Dartford,116756,2.44,70.93,70.81,81.42,40.72,48.22,152.31,224.49,173.72,73.68,44.73,18.97,523.55,29.03,43.48,49.16,42.91,3.85,156.03,521.84,321.29,126.64,28.06,2.17,25.81,68.97,43.7,14.69
E07000108,Dover,116407,2.91,48.7,55.78,69.7,39.79,46.46,115.31,169.21,215.39,129.33,80.8,29.53,442.03,48.2,54.33,39.09,31.79,5.11,105.59,451.48,349.76,158.31,37.94,2.51,37.85,80.23,51.06,19.42
E07000109,Gravesham,106899,2.76,61.74,66.93,80.35,43.95,52.99,132.35,199.18,190.25,90.82,58.14,23.29,486.56,38.24,45.83,49.45,25.08,6.4,121.96,451.42,353.17,153.03,38.97,3.41,29.95,62.41,42.41,17.57
E07000110,Maidstone,175778,2.26,59.11,61.87,70.44,39.46,50.39,133.32,199.15,195.55,101.47,64.22,25.03,497.75,33.18,47.42,44.93,23.29,15.58,152.7,515.44,333.73,121.43,27.2,2.19,23.97,64.54,53.58,22.02
E07000111,Sevenoaks,120516,2.28,55.79,62.95,79.67,41.46,41.19,102.68,194.02,207.1,110.72,72.69,31.75,526.15,30.37,30.2,37.31,29.51,3.96,197.28,546.73,317.44,110.15,24.34,1.33,18.92,66.48,55.12,24.89
E07000112,Folkestone and Hythe,109754,3.32,46.58,52.73,66.57,37.36,47.8,109.61,171.35,218.12,133.85,84.4,31.64,431.91,50.29,56.1,29.84,26.85,8.42,125.46,444.23,354.63,158.15,39.7,3.29,39.77,82.93,51.34,19.91
E07000113,Swale,151678,2.64,58.65,62.22,74.8,42.08,52.49,131.16,188.65,199.34,105.33,63.79,21.5,454.69,44.09,55.19,38.63,25.1,11.84,115.95,443.2,352.08,157.72,44.22,2.78,26.46,63.87,48.52,20.22
E07000114,Thanet,140585,3.19,52.17,56.67,70.2,39.66,47.97,115.83,176.57,204.38,126.29,79.92,30.34,419.67,55.65,58.33,44.61,22.83,5.56,102.49,411.51,361.45,176.14,46.78,4.12,51.04,84.38,44.72,15.61
E07000115,Tonbridge and Malling,132196,1.85,58.08,64.55,79.14,43.9,44.12,114.91,200.1,203.77,99.65,66.36,25.42,513.6,31.5,36.33,50.37,24.26,15.87,180.13,539.12,320.13,115.06,24.52,1.17,20.21,65.4,56.3,22.32
E07000116,Tunbridge Wells,115311,1.81,53.48,61.54,83.65,43.33,41.9,111.37,204.11,206.62,98.26,66.31,29.45,527.56,29.62,51.58,35.19,17.21,14.81,204.95,552.51,310.83,109.87,24.64,2.16,27.14,74.62,52.65,20.48
E07000117,Burnley,94649,3.06,60.87,65.23,79.38,44.72,54.63,136.29,187.41,192.91,100.91,57.78,19.86,450.59,53.6,77.03,53.8,13.71,3.79,71.19,408.93,342.82,183.49,61.19,3.56,51.93,75.63,38.86,11.05
E07000118,Chorley,117731,1.92,51.49,59.22,70.75,38.49,45.35,121.13,196.89,211.83,113.78,69.16,21.91,486.97,40.22,47.44,59.53,21.06,4.02,140.83,525.41,325.64,119.99,28.05,0.92,26.55,74.08,60.8,19.9
E07000119,Fylde,81380,3.12,40.71,48.17,60.11,35.44,39.92,98.82,164.88,233.67,142.2,96.73,39.35,459.9,44.74,49.15,60.36,12.94,6.55,139.6,508.13,339.16,123.61,27.39,1.71,35.84,94.58,63,20.12
E07000120,Hyndburn,82236,2.57,59.91,64.21,77.79,47.27,55.18,133.91,182.24,197.02,100.77,60.84,20.87,439.24,53.35,58.93,80.26,17.63,4.38,76.72,424.44,340.53,175.11,57.06,2.87,45.37,77.23,43.39,13.01
E07000121,Lancaster,142932,1.99,47.16,52.19,63.62,64.14,89.39,113.54,168.1,196.53,109.69,68.29,27.35,464.93,43.48,70.43,54.63,17.98,5.18,107.95,483.94,338.69,139.77,35.55,2.06,40.03,76.04,45.47,14.57
E07000122,Pendle,95753,2.72,62.16,68.44,83.86,47.04,54.54,125.58,190.73,187.58,101.86,57.08,21.14,467.37,44.76,73.24,52.3,17.99,5.73,77.92,425.05,350.26,169.45,52.51,2.74,36.78,68.52,39.77,13.01
E07000123,Preston,147835,2.1,60.33,62.51,74.43,54.12,85.22,147.08,189.85,178.94,80.39,47.24,19.88,484.22,43.15,67.05,48.23,17.52,5.96,112.38,466.13,336.07,149.83,45.29,2.67,45.1,67.3,38.78,11.4
E07000124,Ribble Valley,61558,2.36,42.77,49.47,71.82,40.73,44.09,99.68,171.37,238.82,126.82,83.12,31.32,525.68,30.13,51.67,61.34,25.63,10.33,146.28,585.97,304.93,91.78,16.29,1.01,21.57,74.89,66.33,26.01
E07000125,Rossendale,70876,2.34,53.33,61.52,76.63,41.51,45.81,122.85,190.06,215.55,111.24,60.02,21.49,469.98,48.39,47.53,57.18,31.24,3.75,113.38,479.89,329.53,147.12,41.55,1.9,34.1,77.49,56.59,17.75
E07000126,South Ribble,111042,2.03,49.54,57.16,69.24,40.18,46.77,119.16,186.45,215.08,117.6,72.68,26.14,478.85,38.89,49.8,79.06,19.93,5.14,141.67,524.02,330.18,120.83,23.83,1.13,27.45,81.77,62.5,19.74
E07000127,West Lancashire,117427,2.22,44.67,51.28,66.66,64.78,68.96,105.33,165.81,213.47,116.71,76.06,26.26,480.81,43.55,51.9,55.96,27.34,4.99,114.94,487.07,338.78,140.48,32.28,1.38,30.72,67.9,52.63,19.57
E07000128,Wyre,111949,3.04,43.68,49.82,63.67,40.22,42.47,101.22,157.35,224.64,142.73,97.07,37.13,443.26,52.72,47.83,54.53,17.94,4.93,111.47,460.26,348.79,153.51,35.71,1.73,37.86,88.87,58.45,20.46
E07000129,Blaby,102933,2.02,55.45,60.5,71.17,40.17,46.64,126.47,192.44,202.38,108.31,70.09,26.37,490.35,32.33,34.67,85.1,16.18,7.47,150.84,536.28,328.62,115.16,19.33,0.61,19.56,67.3,61.96,22.26
E07000130,Charnwood,183978,1.76,49.86,53.59,64.34,64.21,87.23,123.6,181.16,187.74,101.45,62.42,24.39,490.57,32.89,51.15,62.88,16.16,5.07,139.35,529.53,323.69,120.2,25.55,1.04,25.06,65.2,52.78,17.8
E07000131,Harborough,97631,1.55,48.34,55.01,72.78,43.02,44.49,107.41,187.81,220.93,117.06,75.14,27.99,515.02,29.19,44.67,50.09,34.95,8.22,178.98,578.77,308.61,96.46,15.47,0.7,17.11,62.41,65.23,26.6
E07000132,Hinckley and Bosworth,113640,1.82,50.04,55.88,67.63,38.28,44.31,121.51,186.8,211.98,121.23,75.48,26.87,465.62,36.64,49.74,53.75,23.94,6.17,146.66,514.12,336.88,123.65,24.27,1.07,24.09,75.36,65.17,24.7
E07000133,Melton,51751,1.76,46.74,54.59,68.85,38.18,43.48,106.43,173.14,233.72,128.94,77.16,28.77,478.21,31.34,75.09,35.83,44.64,9.58,140.31,530.56,337.52,111.38,19.42,1.1,25,74.94,64.1,26.67
E07000134,North West Leicestershire,104706,2.02,52.09,56.08,68.9,40.89,55.28,124.02,190.69,211.47,111.89,66.96,21.74,469.7,37.4,47.02,50.32,33,7.38,142.05,515.38,331.53,126.12,25.82,1.16,23.26,70.19,65.37,25.66
E07000135,Oadby and Wigston,57753,2.79,49.57,60.71,72.17,61.31,50.66,115.23,181.6,195.71,104.55,73.23,35.25,460.03,37.57,46.98,88.36,11.91,6.18,129.47,491.23,346.18,136.69,24.28,1.63,25.75,63.37,47.43,16.83
E07000136,Boston,70503,2.23,51.71,59.03,72.48,41.76,51.22,128.29,191.35,199.82,108.32,68.59,27.42,421.93,45.29,87.26,49.12,46.28,12.86,50.47,408.58,386.04,162.39,40.17,2.82,33.91,74.28,46.93,18.82
E07000137,East Lindsey,142292,2.24,39.6,45.88,61.24,34.59,41.63,94.39,143.12,235.02,164.13,105.33,35.06,379.04,63.03,65.74,35.63,31.42,13.04,77.26,397.77,369.18,184.73,45.62,2.71,34.57,91.78,57.35,23.4
E07000138,Lincoln,103813,1.58,49.31,51.96,60.04,75.85,131,150.32,173.15,163.83,78.23,46.6,19.72,438.21,42.97,88,43.85,32.61,9.14,91.04,451.53,344.61,157.11,43.88,2.87,47.58,74.78,35.77,9.54
E07000139,North Kesteven,118075,1.65,46.83,56.01,67.03,39.18,46.58,116.01,177.34,217.18,121.05,83.96,28.82,462.82,38.19,40.11,65.29,40.76,10.63,130.48,522.68,336.51,119.28,20.83,0.7,21.3,76.97,64.64,23.58
E07000140,South Holland,95119,1.86,49.76,54.05,65.71,36.69,47.81,116.52,177.79,213.09,124.52,81.77,32.3,414.07,44.87,60.63,41.42,42.08,7.26,83.67,440.44,373.56,155.34,29.31,1.36,23.6,74.26,59.23,26.02
E07000141,South Kesteven,143400,1.89,47.09,56.7,73.28,39.83,42.61,108.59,182.03,218.94,123.41,78.49,29.03,460.06,38.05,69.21,24.97,34.32,14.07,135.48,516.95,337.01,122.1,22.99,0.96,28.05,79.05,62.85,22.15
E07000142,West Lindsey,95152,1.69,46.29,55.42,66.84,38.02,42.97,103.87,166.74,227.79,136.53,86.6,28.92,438.17,44.42,46.41,45,41.81,10.91,115.08,492.46,341.47,134.72,30.06,1.27,27.98,81.61,63.81,24.64
E07000143,Breckland,141478,2.09,47.96,54.22,64.81,36.84,47.62,117.35,170.39,211.3,130.64,85.83,33.05,425.56,43.18,62.14,30.73,49.23,12.58,101.81,454.88,368.81,145.56,29.38,1.38,24.19,73.52,58.93,25.37
E07000144,Broadland,131722,2.35,45.07,51.93,64.06,38.27,42.01,103.56,179.09,217.37,132.12,89.84,36.69,450.74,36.52,33.32,70.93,19.07,3.92,143.74,509.88,345.67,123.46,20.25,0.73,21.11,79.8,65.89,25.49
E07000145,Great Yarmouth,99743,2.08,49.66,53.78,67.29,40.84,50.39,117.18,169.27,211.6,128.06,82.22,29.71,401.89,56.24,69.59,38.45,25.99,12.08,68.31,381.53,367.63,191.4,55.47,3.95,50.66,83.95,47.78,17.05
E07000146,King's Lynn and West Norfolk,154318,2.52,47.04,54.21,63.56,36.71,46.51,114.95,166.71,211.51,133.45,90.05,35.29,417.4,46.05,55.81,39.57,28.86,14.85,91.77,439.67,367.78,156,34.54,2.02,28.75,78.58,58.06,25.73
E07000147,North Norfolk,102988,1.8,35.58,42.95,55.81,33.73,37.7,86.82,141.87,230.55,172.78,114.39,47.82,393.44,46.81,50.07,36.12,32.25,7.18,98.13,444.04,376.5,148.55,29.21,1.7,32.21,96.38,64.31,27.73
E07000148,Norwich,143926,1.39,48.17,52.78,59.98,62.37,114.44,164.98,191.89,155.94,79.69,48.09,21.67,439.34,44.34,77.9,38.68,12.58,3.31,135.26,449.62,343.91,155.99,47.35,3.13,65.59,93.09,33.66,8.24
E07000149,South Norfolk,141948,1.53,49.24,57.11,67.86,37.66,42.11,109,183.53,210.37,126,84.01,33.12,470.19,34.36,35.22,59.78,28.63,7.62,150.33,516.73,345.83,115.89,20.54,0.99,19.62,74.94,65.66,26.78
E07000170,Ashfield,126305,2.99,53.66,60.99,71.07,40.66,51.08,130.5,186.12,208.9,105.46,69.07,22.49,424.02,55,56.52,76.63,19.43,3.9,90.73,431.45,343.48,176.36,46.45,2.26,38.37,78.34,52.09,17.47
E07000171,Bassetlaw,117804,1.82,50.65,55.7,67.13,38.08,48.63,120.28,177.41,220.72,119.52,75.36,26.51,438.69,47.69,64.85,44.23,39.29,8.92,91.18,468.24,343.02,150.17,37.15,1.42,32.75,77.64,58.38,22.04
E07000172,Broxtowe,110944,2.35,47.69,54.53,63.64,41.49,57.41,131.19,182.36,203.35,115.17,74.43,28.74,462.67,40.22,41.74,74.22,9.72,2.86,155.95,500.2,337.84,132.3,28.62,1.05,37.76,82.87,53.42,15.96
E07000173,Gedling,117258,2.47,50.98,57.36,69.07,38,45.17,123.18,190.13,210.48,115.4,72.25,27.99,460.32,41.28,40.58,83.12,15.28,3.44,146.86,507.28,329.27,133.94,28.36,1.14,36.59,84.17,56.09,16.43
E07000174,Mansfield,110486,2.67,53.94,59.65,70.26,37.56,49.83,136.69,189.88,209.38,105.19,64.3,23.32,426.51,56.56,55.16,73.28,21.98,4.31,79.26,424.94,346.49,175.79,50.59,2.19,41.32,78.16,52.76,16.73
E07000175,Newark and Sherwood,122954,1.81,49.3,54.33,67.07,40.23,49.58,119.85,177.77,216.83,121.31,76.38,27.36,446.95,45.16,56.24,36.83,38.33,7.48,120.26,491.29,334.55,139.65,32.69,1.84,30.41,76.95,58.35,22.42
E07000176,Rushcliffe,119078,1.7,49.13,57.63,72.57,42.63,52.98,108.42,194.18,206.28,111.83,72.96,31.37,531.04,30.48,28.81,55.4,20.15,4.03,207.26,583.86,305.34,95.27,15.12,0.42,23.61,70.63,62.21,19.04
E07000177,Cherwell,161013,1.43,58.1,58.49,72.39,40.06,49.15,142.32,207.95,197.44,93.69,57.12,23.3,507.78,29.18,79.9,35.34,34.22,9.07,169.82,541.07,325.61,108.66,23.22,1.44,24.65,67.79,54.55,20.5
E07000178,Oxford,162039,1.08,44.04,48.46,63.77,87.57,135.72,176.94,181.73,144.69,62.25,37.71,17.11,547.81,26.05,79.84,26.06,5.7,3.59,175.43,521.95,321.89,121.53,31.99,2.64,37.31,52.78,20.11,6.02
E07000179,South Oxfordshire,149080,1.37,53.53,58.95,72.61,39.62,43.29,118.28,198.95,209.65,104.01,72.48,28.63,534.22,25.7,46.34,44.55,26.66,7.41,219.41,586.61,309.09,88.02,15.55,0.73,18.39,65.56,61.35,24.87
E07000180,Vale of White Horse,138910,1.35,56.14,60.23,74.29,40.81,44.99,128.77,199.73,197.31,102.45,67.01,28.25,523.55,25.81,42.47,54.09,26.88,4.98,210.49,581.48,309.8,91.34,16.52,0.85,20.98,68.23,60.26,21.86
E07000181,West Oxfordshire,114233,1.57,50.07,57.6,71.15,39.56,46.6,119.84,187.7,210.85,111.08,73.97,31.57,512.64,28,64.04,53.9,31.26,4.82,180.59,566.17,318.37,97.04,17.59,0.83,20.28,70.22,61.24,24.67
E07000192,Cannock Chase,100529,2.64,55.37,56.66,67.43,39.75,52.17,137.18,184.26,212.64,106.08,66.31,22.15,433.3,49.29,55.05,52.2,32.22,4.72,94.79,455.72,338.24,163.5,41.05,1.49,31.62,73.88,59.28,22.09
E07000193,East Staffordshire,124019,3.14,56.17,60.26,73.15,42.78,52.47,135.42,190.09,203.53,99.94,63.01,23.18,465.39,37.39,75.43,48.25,28.99,8.44,106.72,493.59,339.38,134.11,31.08,1.83,31.62,68.09,52.14,19.2
E07000194,Lichfield,106439,2.64,49.15,53.11,65.36,39.55,47.5,113,178.94,213.54,123.21,89.08,27.56,471.1,39.1,39.73,55.68,34.98,5.74,149.94,520.07,328.03,126.28,24.31,1.32,23.22,70.57,64.41,25.57
E07000195,Newcastle-under-Lyme,123306,2.84,46.98,52.79,63.37,51.42,69.58,116.9,175.13,206.93,114.54,73.74,28.61,439.47,48.43,53.59,72.45,14.74,6.62,105.5,467.64,341.11,153.3,36.45,1.5,36.45,77.91,54.11,19.24
E07000196,South Staffordshire,110474,2.27,44.56,49.88,60.37,37.51,49.16,109.17,170.73,227.49,128.46,91.16,31.52,450.04,41.08,27.76,75.85,27.74,6.54,127.35,502.87,336.4,133.87,26.11,0.76,21.24,65.27,61.16,26.62
E07000197,Stafford,136870,2.34,49.08,54.12,66.68,36.32,46.26,119.54,183.33,214.88,119.35,81.6,28.85,467.83,38.01,53.79,45.19,35.53,7.32,144.48,529.85,327.04,117.82,23.98,1.32,28.59,78.5,63.36,22.02
E07000198,Staffordshire Moorlands,95851,2.8,42.49,49.97,63.93,39.55,42.98,100.11,166.82,232.04,139.1,91.32,31.67,446.58,43.23,49.91,66.73,21.72,8.82,114.23,493.26,341.61,137.45,27.13,0.54,25.53,77.47,64.6,27.66
E07000199,Tamworth,78646,2.45,56.48,59.34,73.09,42.72,53.45,136.47,190.59,198.24,108.97,61.36,19.28,455.18,43.66,60.22,40.65,38.64,4.27,104.75,456.98,345.99,158.84,36.96,1.22,31.93,70.04,54.57,18.42
E07000200,Babergh,92332,2.21,43.01,51.46,67.57,40.04,43.43,98.19,168.99,221.58,138.47,92.9,34.37,463.24,34.93,47.79,39.62,33.35,7.33,142.65,511.83,347.67,116.37,23.21,0.92,22.08,73.17,64.73,29.57
E07000202,Ipswich,139644,2.28,59.62,64.8,74.76,45.98,57.07,148.31,204.05,180.63,87.82,53.08,23.87,456.36,39.83,79.96,39.37,14.42,5.86,119.33,451.96,346.26,156.82,42.33,2.62,45.05,79.71,43.58,13.24
E07000203,Mid Suffolk,102702,1.72,43.83,50.56,65.25,40.04,45.07,108.98,169.81,223.5,136.65,84.58,31.73,469.37,33.63,35.03,46.25,40.75,11.31,151.18,521.7,340.96,116.03,20.39,0.93,18.22,68.2,67.24,32.77
E07000207,Elmbridge,138757,1.92,60.16,71.08,84.82,40.37,36.98,97.23,228.66,201.83,90.46,59.1,29.31,589.09,21.89,29.87,40.88,20.54,1.3,259.32,618.65,281.11,83.51,15.76,0.97,17.88,71.28,51.9,19.44
E07000208,Epsom and Ewell,80939,2.71,57.15,65.77,78.87,44.21,48.99,108.64,221.64,194.2,93.27,61.08,26.19,542.69,23.97,41.82,47.78,18.27,1.88,221.52,575.94,305.67,97.6,19.03,1.75,21.35,67.74,44.8,15.84
E07000209,Guildford,143646,1.53,46.53,54.37,68.24,64.29,91.52,119.91,190.91,189.12,90.7,57.86,26.56,547.67,24.58,49.4,39.09,16.14,8.76,214.51,577.17,306.73,95.26,19.26,1.58,20.84,58.5,50.65,20.68
E07000210,Mole Valley,87386,2.73,45.85,53.52,72.8,41.51,41.92,94.26,187.51,225.04,118.23,82.11,37.25,525.85,28.62,36.37,41.4,20.64,3.12,221.76,567.1,309.9,99.3,21.38,2.31,20.85,70.71,60.2,28.86
E07000211,Reigate and Banstead,150852,2.64,59.94,66.42,77.23,39.06,43.35,125.18,216.87,194.81,91.97,57.52,27.64,537.98,26.38,41.96,47.84,20.91,4.07,209.4,570.57,308.34,98.9,20.55,1.64,21.19,64.65,51.55,20.01
E07000212,Runnymede,88085,1.76,54.28,54.36,65.78,63.8,84.5,120.69,197.29,187.17,86.08,58,28.06,523.68,28.23,44.26,53.15,16.34,2.5,187.66,533.98,324.53,117.86,22.18,1.43,21.72,62.68,51.42,20.61
E07000213,Spelthorne,102953,1.98,58.38,61.93,70.01,38.78,47.8,130.72,213.27,198.54,90.1,63.02,27.45,504.24,29.84,35.69,76.38,18.86,2.15,179.66,509.11,335.56,125.82,27.39,2.13,24.28,69.25,51.6,19.76
E07000214,Surrey Heath,90460,2.52,49.5,59.1,75.67,41.82,46.78,114.3,204.03,211.84,99.45,67.3,30.2,538.03,24.86,42.33,48.22,24.64,8.45,204.61,579.23,310.82,91.45,17.39,1.11,15.68,54.33,60.66,27.79
E07000215,Tandridge,87878,2.39,56.59,60.16,77.22,42.59,44.94,102.38,195.68,211.68,106.63,70.48,31.65,522.51,29.25,26.74,50.47,24.76,4.53,209.85,559.71,316.44,101.12,21.34,1.4,18.53,64.78,54.31,26.7
E07000216,Waverley,128231,2.34,50.44,61.05,80.32,48.81,43.85,91.75,198.83,206.54,106.3,75.61,36.49,546.46,25.24,38.24,30.3,15.25,12.79,225.6,595.41,299.38,87.88,16.47,0.86,18.74,63.71,59.77,25.08
E07000217,Woking,103940,1.79,59.79,64.89,76.98,39.45,47.05,132.01,228.11,186.17,86,53.74,25.81,532.99,26.71,44.6,51.34,13.84,4.56,226.77,562.1,310.13,103.5,22.42,1.84,23.4,66.37,50.04,19.12
E07000218,North Warwickshire,65035,2.31,49.28,55.91,66.04,39.36,48.2,119.81,177.7,224.22,118.38,74.74,26.34,454.94,44.04,40.33,70.05,34.24,4.95,129.33,472.51,349.3,144.74,32.17,1.28,24.23,68.82,60.61,26.17
E07000219,Nuneaton and Bedworth,134204,2.04,57.79,60.84,72.21,40.39,52.69,137.51,189.15,198.64,103.07,65.5,22.21,443.04,45.27,55.39,64.56,29.38,4.02,107.75,450.52,346,159.53,41.3,2.65,34.54,72.35,52.64,18.26
E07000220,Rugby,114366,1.51,55.68,62.19,76.04,41.38,48.7,136.36,205.64,192.06,92.12,65.67,24.17,488.29,33.99,56.69,57.11,24.55,7.48,155.57,533.78,330.5,111.26,23.52,0.94,24.66,68.6,55.68,20.04
E07000221,Stratford-on-Avon,134727,2,46.35,51.54,66.04,36.9,40.1,105.15,177.31,224.86,127.84,89.37,34.53,496.39,31.73,44.99,38.29,31.54,8.28,194.1,565.11,317.84,97.91,18.63,0.5,21.58,72.96,70.05,30.21
E07000222,Warwick,148452,1.63,50.09,54.96,64.69,52.08,72.35,135.28,195.15,186.6,96.38,65.43,26.98,520.92,29.59,55.86,38.47,18.48,4.37,219.16,574.18,302.1,99.49,22.45,1.77,29.54,73.03,56.62,18.73
E07000223,Adur,64547,1.35,49.45,60.56,69.61,38.98,41.32,105.63,194.7,203.67,118.01,83.94,34.15,453.5,43.38,51.33,61.37,11.57,3.45,143.55,454.66,356.67,151.53,33.82,3.33,33.96,81.55,51.28,17.09
E07000224,Arun,164896,1.94,43.99,49.92,59.75,36.96,44.94,107.56,163.99,208.56,141.2,100.29,42.85,431.88,43.12,54.17,67.16,17.01,7.45,109.52,459.26,364.84,144.71,28.55,2.66,32.75,83,56.86,21.56
E07000225,Chichester,124068,2.32,42.79,49.5,63.74,42.27,52.69,101.18,161.81,214.95,135.07,94.97,41.03,490.37,33.68,56.93,35.75,21.29,9.55,156.24,534.7,332.83,109.34,21.88,1.26,26.78,77.78,58.95,26.75
E07000226,Crawley,118495,1.69,64.48,68.15,77.72,43.22,55.33,157.12,224.44,176.6,74.59,38.69,19.67,490.75,33.55,56.26,47.87,13.52,12.96,134.21,460.04,347.48,152.32,37.54,2.62,30.36,62.3,41.01,13.79
E07000227,Horsham,146776,1.53,50.19,54.59,73.13,40.42,42.14,108.7,185.4,217.57,117.38,77.33,33.15,514.74,27.71,38.92,35.22,28.62,10.66,200.42,567.13,317.49,96.79,17.17,1.41,20.3,69.35,63.85,27.08
E07000228,Mid Sussex,152570,2.09,54.5,61.49,75.72,40.65,41.77,110.43,206.14,202.88,105.56,70.06,30.8,529.21,27.4,56.07,38.1,20.59,12.58,205.24,573,313.11,95.94,16.86,1.09,21.33,72.51,56.75,21.81
E07000229,Worthing,111338,1.87,48.93,54.93,66.65,38.75,46.64,119.94,195.24,204.78,111.99,76.19,35.94,452.73,40.65,78.31,27.97,20,4.81,150.6,477.5,347.74,138.78,32.28,3.69,43.23,87.27,50.74,16.73
E07000234,Bromsgrove,99186,2.49,52.02,57.34,72.96,41.53,43.26,104.16,185.87,213.59,115.82,79.43,34.02,506.65,33.56,34.44,53.69,24.22,3.7,165.71,547.36,320.38,110.44,21.03,0.8,19.68,62.57,64.59,26.22
E07000235,Malvern Hills,79483,1.64,39.18,49.62,66.77,41.92,41.32,90.43,158.18,232.73,143.63,96.67,39.54,464.58,38.95,45.19,43.08,24.08,8.35,157.05,526.74,333.64,117.72,20.95,0.94,22.82,73.08,65.2,31.6
E07000236,Redditch,87034,1.98,57.36,62.06,73.45,41.43,51.55,139.67,200.3,188.57,109.01,57.99,18.6,465.11,40.75,68,35.17,33.23,2.9,113.43,468.89,343.91,147.76,36.78,2.67,30.77,68.87,54.96,20.07
E07000237,Worcester,103866,1.68,50.83,56.2,68.81,49.33,71.62,140.33,192.92,193.88,94.98,58.46,22.64,473.88,37.38,86.95,30.64,23.22,6.19,131.01,500.88,330.84,131.15,34.73,2.42,37.94,78.38,51.99,17.08
E07000238,Wychavon,132495,1.87,47.19,52.3,64.86,38.08,43.23,109.19,174.53,222.04,131.21,85.47,31.9,474.25,36.45,46.34,51.45,36.71,8.97,144.96,516.53,337.36,120.68,23.97,1.45,22.17,69.14,66.26,29.84
E07000239,Wyre Forest,101609,2.45,47.31,54.53,65.9,38.61,45.94,111.3,171.23,212.56,132.82,89.81,29.98,433.07,47.42,59.88,41.04,37.72,5.22,103.92,458.9,347.73,152.86,38.18,2.34,32.33,80.73,61.58,24.29
E07000240,St Albans,148173,2.16,58.44,69.7,88.34,42.18,40.11,108.66,223.66,196.82,87.7,57.64,26.75,575.29,23.76,39.38,39.04,18.74,3.22,260.47,606.41,289.34,84.88,18.38,1,20.34,69.88,51.33,16.95
E07000241,Welwyn Hatfield,119839,2.05,55.29,60.74,70.49,56.02,88.25,133.25,198.47,180.58,79.97,52.06,24.89,516.49,30.57,57.63,43.02,23.89,3.76,175.24,515.18,332.73,123.62,26.84,1.64,26.14,61.81,43.84,16.88
E07000242,East Hertfordshire,150160,1.53,55.38,59.48,78.31,41.57,46.44,122.95,204.83,208.62,97.28,59.56,25.59,539.8,26.08,45.5,43.15,24.63,10.62,208.3,571.5,309.8,99.98,18.07,0.65,21.16,69.2,57.51,22.72
E07000243,Stevenage,89501,1.71,62.77,66.19,75.05,41.57,53.54,151.24,203.76,194.5,80.57,48.8,22,476.79,36.85,61.92,29.24,22.25,14.66,143.86,477.09,336.49,146.51,36.48,3.42,33.66,69.17,48,15.56
E07000244,East Suffolk,246055,2.04,43.22,50.82,65.85,39.08,43.53,99.64,160.96,219.29,143.27,94.81,39.53,433.25,45.31,56.81,37,17.75,13.95,112.88,468.86,354.79,142.06,32.31,1.98,32.13,86.34,60.18,23.93
E07000245,West Suffolk,179951,1,54.62,57.28,64.95,38.54,58.57,141.6,184.93,191.89,106.96,73.08,27.59,477.04,34.18,75.16,36.42,50.54,11.88,117.28,493.42,358.71,122.06,24.46,1.34,28.52,79.83,60.72,22.41
E08000001,Bolton,295961,2.3,62.37,69.04,83.73,48.5,56.22,127.75,193.34,187.67,94.81,56.99,19.57,480.05,47.2,51.06,59.84,19.26,2,99.91,431.77,341.27,171.51,52.56,2.89,39.91,68.91,40.64,11.64
E08000002,Bury,193851,2.68,57.56,64.43,79.08,45.16,49.24,129.02,195.62,197.03,100.07,61.01,21.78,482.1,43.41,50.56,69.47,11.66,2.99,137.11,474.74,335.56,147.16,40.44,2.1,38.29,75.43,46.91,12.66
E08000003,Manchester,551943,1.65,62.29,66.24,77.98,64.72,112.13,182.24,197.3,142.6,54.9,28.8,10.82,508.29,45.14,51.16,64.38,5.82,4.04,134.01,435.59,328.43,172.02,60.46,3.5,59.05,65.04,22.28,4.99
E08000004,Oldham,242081,2.59,66.11,72.06,89.24,52.54,58.38,130.93,190.56,180.69,88.63,53.46,17.4,469.22,48.43,54.27,63.02,9.57,3.58,86.35,409.4,346.53,181.67,59.27,3.14,40.92,63.01,34.24,9.87
E08000005,Rochdale,223775,2.68,65.43,69.15,83.62,46.8,54.52,134.03,194.07,187.63,94.68,51.72,18.35,469.03,50.11,55.27,67.44,13.41,3.11,90.05,426.51,340.53,173.14,56.35,3.47,42.69,68.96,39.76,11.15
E08000006,Salford,269927,2.29,63.94,61.92,70.5,46.39,83.94,188.48,191.89,159.86,72.8,44.06,16.22,498.09,45.96,62.85,63,9.62,3.75,144.63,464.37,322.89,158.35,51.8,2.58,60.36,78.09,35.14,8.29
E08000007,Stockport,294776,2.22,56.23,61.26,71.97,38.93,45.35,125.52,200.45,199.21,104.99,68.06,28.03,493.94,40.77,44.72,68.48,6.76,3.63,170.15,512.65,321.52,129.82,33.9,2.11,36.28,79.49,53.76,15.07
E08000008,Tameside,231063,2.77,59.14,63.62,76.04,42.22,51.53,136.4,193.8,201.94,98.7,57.57,19.05,453.14,51.16,53.75,74.8,7.56,3.47,112.39,431.83,342,171.37,51.67,3.13,48.41,80.58,44.33,12.21
E08000009,Trafford,235063,2,57.29,68.11,82.64,43.46,44.8,116.86,217.85,193.31,91.43,59.42,24.84,530.95,35.76,41.37,64.9,9.02,3.93,193.35,538.96,308.5,121.18,29.95,1.41,32.33,72.73,49.53,13.15
E08000010,Wigan,329329,2.75,53.99,58.44,71.69,41.37,51.8,132.66,190.55,206.38,107.02,66.64,19.46,462.68,48.84,52.21,68.19,25.1,1.97,104.55,465.52,328.09,160.05,44.58,1.76,40.27,79.97,53.22,15.36
E08000011,Knowsley,154523,2.56,63,61.41,71.16,42.43,55.51,144.37,178.9,213.39,97.8,51.28,20.75,472.93,64.95,49.33,86.86,7.8,3.6,96.3,407.91,323.49,192.03,73.5,3.07,57.06,75.32,40.58,9.88
E08000012,Liverpool,486093,2.63,54.25,54.98,61.64,59.92,101.5,155.11,179.98,179.71,87.26,47.83,17.81,476.93,59.82,49.42,73.44,8.28,4.88,110.52,415.75,326.57,185.1,69.33,3.24,73.01,73.58,29.25,6.36
E08000013,St. Helens,183245,2.74,52.71,56.46,69.16,40.06,51.13,129.77,186.8,208.51,111.86,69.62,23.91,451.56,57.8,45.99,68.04,16.8,2.06,103.54,441.82,334.14,170.98,51.36,1.69,45.32,82.71,52.91,14.49
E08000014,Sefton,279231,2.8,48.38,53.97,65.41,39.61,48.34,115.94,175.78,220.62,119.56,78.88,33.5,463.59,53.55,52,51.76,23.11,4.42,124.45,452.32,340.04,161.02,44.39,2.23,51.23,82.85,46.9,13.28
E08000015,Wirral,320199,2.8,50.96,58.71,71.75,41.46,47.08,117.5,179.1,213.6,118.74,72.12,28.98,464.85,55.72,44.28,74.72,13.93,3.99,116.49,457.45,334.05,160.03,46.39,2.08,50.18,84.85,50.37,14.76
E08000016,Barnsley,244576,2.93,55.05,58.74,69.32,39.47,50.9,134.73,183.42,213.78,108.2,64.46,21.96,433.44,58.27,48.43,71.12,23.49,2.92,91.34,427.92,339.48,176.57,53.82,2.21,44.4,80.93,53.43,16.44
E08000017,Doncaster,308108,2.59,54.99,58.82,71.79,41.02,52.62,136.45,184.34,205.72,106.65,63.42,24.19,443.16,52.55,49.03,72.75,23.78,6.54,82.77,437.45,347.08,167.34,46.23,1.9,45.78,78.29,48.39,15.23
E08000018,Rotherham,265806,2.8,55.1,60.12,73.77,42.9,53.03,129.52,184.12,204.95,106.25,67.2,23.04,441.52,54.17,41.35,78.17,12.4,5.32,93.11,435.84,339.4,174.34,48.45,1.97,42.22,73.31,51.25,16.91
E08000019,Sheffield,556519,2.16,54.23,57.53,68.42,56.47,91.41,142.67,178.63,180.25,88.79,58.63,22.96,466.57,46.72,47.59,72.41,8.46,4.28,125.16,453.71,340,157.91,45.62,2.75,50.81,73.83,38.31,10.77
E08000021,Newcastle upon Tyne,300131,1.64,52.15,55.66,64.38,68.1,122.1,148.73,175.25,165.32,81.51,46.1,20.72,483.85,48.4,48.29,63.09,8.1,3.7,125.04,462.29,327.12,158.13,50.07,2.39,61.29,68.27,30.57,7.27
E08000022,North Tyneside,208952,2.06,52.61,57.14,69.51,38.27,45.49,124.75,199.03,207.94,114.72,64.51,26.03,460.25,48.76,46.26,75.52,5.39,2.81,147.11,494.37,324.88,142.67,36.85,1.23,58.99,94.5,47.69,10.91
E08000023,South Tyneside,147777,3.03,52.94,57.3,68.98,40.05,49.31,125.37,179.92,217.45,116.05,66.69,25.94,437.52,58.93,47.73,77.02,7.32,3.41,100.01,433.26,341.24,175.3,48.66,1.54,69.96,89.53,43.11,10.94
E08000024,Sunderland,274166,2.83,50.51,55.58,69.35,42.55,55.23,127.9,180.7,212.98,115.24,65.39,24.57,431.34,61.4,50.29,71.47,8.1,1.94,100.01,414.69,347.32,181.4,54.39,2.2,61.4,81.22,43.77,12.19
E08000025,Birmingham,1144916,2.37,65.53,70.98,86.47,61.57,81.44,146.24,194.5,161.83,69.81,42.82,18.8,475.58,45.2,38.99,67.67,9.77,3.19,99.62,404.1,346.59,186.23,59.14,3.94,43.33,56.96,27.89,8.62
E08000026,Coventry,345328,1.72,59.2,63.61,75.42,62.17,91.47,144.87,191.42,166.14,75.44,49.78,20.49,485.48,40.91,50.31,58,21.39,3.96,111.99,449.98,340.38,159.62,46.36,3.66,41.67,62.94,35.24,11.02
E08000027,Dudley,323495,2.23,56.19,61.13,71.25,43.37,52.59,129.25,183.13,198.9,104.55,72.55,27.11,438.48,47.29,48.84,75.31,10.72,2.75,97.17,441.55,345.5,168.51,42.58,1.87,36.79,73.09,51.52,18.14
E08000028,Sandwell,341835,2.82,64.87,71.87,85.02,50.6,59.6,138.76,204.98,178.91,77.56,49.23,18.61,448.57,51.11,46.06,80.99,8.23,4.27,77.08,379.19,353.61,201.5,62.66,3.03,42.46,61,31.53,10.19
E08000029,Solihull,216236,2.54,54.08,63.69,75.26,42.24,49.74,115.64,184.8,203.68,106.43,73.45,31,492.55,38.35,32.33,68.04,16.6,2.3,163.55,507.11,323.15,135.32,32.58,1.85,30.15,67.32,54.25,19.52
E08000030,Walsall,284130,3.1,64.03,68.8,81.94,47.79,56.88,132.39,188.92,185.15,89.42,61.04,23.64,444.06,50.05,47.74,71.41,11.43,3.95,77.58,402.13,350.09,189.01,55.96,2.82,38.93,62.95,39.79,14.34
E08000031,Wolverhampton,263730,2.79,61.9,67.22,80.51,45.96,59.88,136.34,199.83,184.25,85.72,54.58,23.82,448.35,49.11,51.49,63.17,24.38,4.37,79.63,403.4,352.41,187.47,53.73,2.99,45.28,65.02,36.36,12.28
E08000032,Bradford,546409,2.13,66.06,72.39,90.01,54.8,60.64,132.79,197.11,174.29,85.09,46.84,19.97,461.44,45.58,52.78,56.33,10.5,2.89,101.38,429.52,344.16,168.26,54.4,3.67,40.71,62.5,33.9,10.42
E08000033,Calderdale,206627,1.54,54.77,61.96,76.84,43.74,49,120.6,191.03,211.83,106.27,61.41,22.56,466.1,43.83,55.34,61.87,15.88,2.87,132.03,477.75,330.73,148.08,41.24,2.2,47,82.28,47.99,14.47
E08000034,Kirklees,433222,2.01,58.04,63.82,78.83,49.23,59.66,126.65,192.53,193.92,98.01,58.04,21.25,465.59,43.09,52.96,59.87,14.71,2.87,115.2,466.29,334.81,151.99,44.28,2.64,38.27,70.08,46.11,14.33
E08000035,Leeds,811950,1.89,57.64,61.1,70.28,52.85,86.78,149.35,193.82,172.05,83.75,51.19,21.19,495.17,38.94,46.63,66.93,11.4,2.81,155.9,483.09,328.99,143.75,41.36,2.82,50.8,73.9,41.3,10.87
E08000036,Wakefield,353375,2.27,56.81,59.41,70.08,39.43,50.94,138.59,190,206.25,104.5,62.57,21.43,447.07,50.65,52.25,65.69,19.75,2.71,104.61,447.39,338.37,165.24,47.3,1.7,42.82,78.32,51.43,15.07
E08000037,Gateshead,196144,2.27,51.25,56.44,67.68,40.93,53.08,131.9,188.29,207.66,108.9,67.31,26.55,437.49,56.69,47.81,77.94,8.88,2.93,119.44,448.06,334.08,166.86,49.17,1.83,66.71,85.92,42.71,10.55
E09000001,City of London,8579,1.28,24.94,18.65,24.01,21.56,112.48,257.96,211.56,188.48,82.88,43.36,14.1,575.47,21.68,78.8,28.09,1.75,1.05,419.86,597.62,314.84,70.64,15.27,1.63,253.18,63.64,8.16,2.91
E09000002,Barking and Dagenham,218863,2.34,78.82,83.76,98.44,53.96,60.49,152.02,231.38,154.19,48.98,26.59,11.37,511.41,37.32,29.6,51.09,21.37,2.71,89.43,375.92,370.71,190.66,58.84,3.88,39.62,51.21,18.38,4.81
E09000003,Barnet,389340,2.23,61.92,64.86,78.68,42.74,57.52,149.52,226.91,173.77,76.55,45.73,21.81,548.56,30.11,32.56,60.38,5.89,1.59,204.52,495.73,329.95,133.47,36.36,4.48,43.79,65.81,28.57,8.12
E09000004,Bexley,246473,2.35,60.98,65.72,78.79,45.17,54.8,129.78,206.35,192.51,85.99,55.85,24.07,507.89,32.98,32.29,55.8,18.21,2.4,165.1,485.19,342.34,138.85,31.46,2.16,33.46,67.81,35.54,12.7
E09000005,Brent,339818,2.33,58.77,58.37,73.19,48.92,72.36,174.09,224.13,173.78,64.47,36.68,15.25,520.26,32.84,40.82,70.33,6.05,1.67,144.16,399.42,365.06,177.19,53.35,4.98,53.72,47.57,15.71,4.83
E09000006,Bromley,329989,2.04,59.07,62.51,75.11,40.47,44.47,123.5,222.84,195.55,90.47,58.71,27.32,533.99,29.38,28.36,47.84,13.53,1.5,228.83,546.42,312.41,113.09,26.4,1.68,38.77,78.53,38.66,13.45
E09000007,Camden,210134,1.47,47.74,46.98,58.64,56.19,95.96,202.46,211.33,162.55,65.02,38.54,14.58,555.32,38.13,45.55,44.5,2.67,1.18,276.54,475.23,319.12,145.92,53.23,6.5,124.02,58.78,10.1,1.96
E09000008,Croydon,390718,2.34,64.42,63.96,77.19,45.08,55.33,151.36,219.43,187.39,74.28,43.37,18.19,512.01,32.59,35.68,60.87,11.87,2.04,181.66,479.95,338.5,141.45,36.49,3.61,51.52,66.22,26.6,8.89
E09000009,Ealing,367122,2.02,58.6,60.59,76.23,47.57,61.63,162.56,236.49,175.22,68.05,38.04,15.03,524.51,31.65,38.55,68.29,7.14,1.87,171.98,460.33,341.56,151.69,42.54,3.88,48.78,58.03,20.04,5.7
E09000010,Enfield,329986,2.25,64.42,68.94,87.26,50.47,57.93,134.25,216.01,184.31,72.57,44.37,19.47,506.44,36.82,37.13,50.1,9.3,1.82,136.3,421.88,356.6,167.13,49.72,4.68,41.66,59.54,24.83,8.25
E09000011,Greenwich,289067,1.66,65.82,64.97,74.42,43.55,63.53,181.91,236.29,164.94,59.85,32.53,12.18,527.27,35.06,31.37,61.85,7.39,2.14,200.5,482.43,321.07,145.56,47.19,3.75,67.13,66.07,17.75,4.72
E09000012,Hackney,259148,1.84,62.26,58.5,70.94,43.06,71.74,244.96,222.71,146.72,48.13,22.37,8.61,566.61,36.53,52.92,60.48,3.25,1.43,257.94,449.52,325.09,159.98,59.7,5.7,108.73,51.06,6.58,1.2
E09000013,Hammersmith and Fulham,183161,1.53,49.55,48.18,58.04,35.93,92.6,233.61,217.42,161.02,58.51,33.19,11.95,590.02,30.59,49.45,65.88,3.02,1.16,280.19,513.86,310.7,129.92,40.85,4.66,113.04,69.63,11.97,2.1
E09000014,Haringey,264234,1.79,56.51,55.79,70.25,43.82,61.93,188.86,241.94,176.04,60.42,32.26,12.17,530.53,36.19,34.04,82.51,6.21,1.61,211.05,433.17,338.55,167.75,54.76,5.78,83.4,60.05,12.31,2.43
E09000015,Harrow,261203,2.47,60.1,61.76,75.61,45.07,57.93,149.02,222.29,174.38,81.97,50.12,21.75,515.13,29.54,33.98,53.36,14.27,2.54,172.95,487.28,345.29,134,30.82,2.6,29.12,52.1,27.71,8.85
E09000016,Havering,262057,3.22,62.93,64.34,72.39,43.36,53.83,138.26,201.65,187.29,91.56,57.78,26.6,498.99,34.12,34.43,45.91,37.46,2.57,158.95,472.99,345.25,146.72,32.95,2.09,32.16,65.93,37.21,14.05
E09000017,Hillingdon,305916,2.31,64.99,66.91,77.41,48.61,64.76,145.3,224.48,172.94,72.27,43.01,19.32,513.13,30.22,37.35,65.39,21.22,2.21,147.73,459,349.79,150.58,37.63,2.99,28.42,56.09,31.65,11.32
E09000018,Hounslow,288181,1.97,63.23,66.3,76.94,43.93,58.14,158.64,246.26,168.76,67.56,36.39,13.85,519.2,31.29,39.93,72.15,10.21,1.83,156.31,441,352.27,160.14,42.51,4.08,41.81,56.42,22.24,7.19
E09000019,Islington,216587,1.5,51.76,46.05,54.38,40.7,85.31,258.85,214.28,154.86,54.61,28.39,10.83,548,41.1,41.21,49.1,3.39,1.01,297.94,483.51,304.71,151.06,56.06,4.66,132.75,57.03,7.42,1.3
E09000020,Kensington and Chelsea,143376,1.75,43.04,44.39,54.06,37.94,85.1,175.36,211.72,204.71,78.98,47.53,17.16,596.07,33.52,39.3,42.38,1.99,1.14,279.06,525.9,302.69,121.42,43.63,6.37,126.9,71.13,16.03,3.56
E09000021,Kingston upon Thames,168064,1.81,56.88,62.55,74.54,44.67,66.37,138.47,233.02,178.77,79.3,45.98,19.46,541.21,25.98,47.31,46.11,9.18,1.62,233.55,558.3,308.93,107.35,23.65,1.77,39.19,73.06,31.09,9.15
E09000022,Lambeth,317662,1.64,48.05,47.03,58.25,37.51,84.22,257.82,218.13,163.15,49.85,26.02,9.96,562.03,30.16,32.29,86.57,4.09,1.51,288.89,500.16,317.21,138.28,40.83,3.51,104.29,62.1,11.02,2.36
E09000023,Lewisham,300554,1.83,63.64,60.46,69.34,41.28,62.58,194.42,239.68,173.28,53.54,29.82,11.95,531.17,32.91,31.89,75.28,4.41,1.45,232.83,472.11,324.87,151.61,47.02,4.38,79.08,67.89,15.18,3.68
E09000024,Merton,215188,2,62.88,61.81,72.42,38.4,51.89,168.95,244.43,173.42,69.63,39.5,16.67,549.01,26.02,37.01,58.47,6,1.47,225.01,539.06,313.18,117.86,27.85,2.05,47.67,68.55,22.19,5.83
E09000025,Newham,351039,2.12,67.96,66.45,78.86,50.61,80.58,207.2,235.56,141.1,43.86,20.46,7.37,514.13,33.68,37.34,66.98,8.93,2.47,135.99,393.04,357.52,183.8,61.3,4.34,55.96,40.91,9.3,2.1
E09000026,Redbridge,310260,2.63,68.31,70.05,81.59,49.72,61.13,150.32,232.47,164.15,67.39,38.04,16.82,513.12,30.51,30.55,53.75,13.84,2.27,159.24,462.76,349.56,147.71,37.3,2.67,30.74,50.83,22.7,7.47
E09000027,Richmond upon Thames,195278,1.51,56.86,65.61,79.53,40.19,42.14,112.91,240.42,201.3,87.49,52.35,21.21,593.81,23.42,31.6,40.84,5.77,1.25,293.54,610.38,280.58,86.64,20.79,1.61,43.42,88.34,31.3,7.75
E09000028,Southwark,307641,1.36,53.19,51.66,62.56,42.83,82.82,238.02,222.03,163.41,48.98,24.79,9.73,557.86,31.05,43.41,69.87,3.81,1.7,262.78,485.46,319.66,145.38,46.37,3.13,108.99,60.01,9.92,1.9
E09000029,Sutton,209640,2.17,61.04,67.98,80.79,41.85,47.43,129.75,233.92,185.84,80.94,48.68,21.78,514.18,30.16,44.38,58.92,8.65,1.74,181.38,508.72,331,127.06,30.95,2.27,35.19,72.45,35.2,11.45
E09000030,Tower Hamlets,310303,1.61,61.52,56.91,66.63,48.61,103.09,274.51,225.44,106.99,33.45,16.19,6.66,529.67,36,48.21,57.33,3.27,2.21,252.07,464.05,318.05,155.01,58.52,4.37,100.17,43.28,6.33,1.12
E09000031,Waltham Forest,278429,1.95,68.19,62.64,71.18,42.87,55.93,183.45,249.73,164.01,57.46,32.19,12.35,515.17,33.32,35.7,66.89,7.54,1.77,189.51,452.63,338.05,160.92,44.7,3.69,57.52,58.33,16.19,4.54
E09000032,Wandsworth,327506,1.36,57.1,51.62,55.99,31.83,72.8,262.97,228.07,143.93,53.07,30.33,12.29,606.33,24.02,35.59,72.19,3.71,1.32,328.66,583.63,278.56,104.99,29.94,2.88,84.23,73.94,15,2.82
E09000033,Westminster,204240,1.75,41.63,38.57,50.87,43.57,94.64,216.25,214.98,178.16,66.81,39.26,15.27,563.22,36.25,50.43,34.96,2.5,1.17,277.94,501.4,304.16,134.24,53,7.2,142.72,59.8,10.61,2.38
